post_id|created_at|date|day|month|year|day_of_week|time|hour|minute|second
1etvrmi|2024-08-16 11:09:39|2024-08-16|16|8|2024|Friday|11:09:39|11|9|39
1etvdnc|2024-08-16 10:53:21|2024-08-16|16|8|2024|Friday|10:53:21|10|53|21
1etuxvk|2024-08-16 10:35:39|2024-08-16|16|8|2024|Friday|10:35:39|10|35|39
1etukaq|2024-08-16 10:20:27|2024-08-16|16|8|2024|Friday|10:20:27|10|20|27
1etu5ee|2024-08-16 10:03:25|2024-08-16|16|8|2024|Friday|10:03:25|10|3|25
1etu23t|2024-08-16 10:00:05|2024-08-16|16|8|2024|Friday|10:00:05|10|0|5
1etu0av|2024-08-16 09:58:08|2024-08-16|16|8|2024|Friday|09:58:08|9|58|8
1ettskg|2024-08-16 09:49:24|2024-08-16|16|8|2024|Friday|09:49:24|9|49|24
1ett7th|2024-08-16 09:26:26|2024-08-16|16|8|2024|Friday|09:26:26|9|26|26
1ett3w4|2024-08-16 09:22:03|2024-08-16|16|8|2024|Friday|09:22:03|9|22|3
1etspbh|2024-08-16 09:05:50|2024-08-16|16|8|2024|Friday|09:05:50|9|5|50
1etsd8k|2024-08-16 08:52:44|2024-08-16|16|8|2024|Friday|08:52:44|8|52|44
1ets5va|2024-08-16 08:44:28|2024-08-16|16|8|2024|Friday|08:44:28|8|44|28
1ets5hv|2024-08-16 08:44:03|2024-08-16|16|8|2024|Friday|08:44:03|8|44|3
1ets2g7|2024-08-16 08:40:35|2024-08-16|16|8|2024|Friday|08:40:35|8|40|35
1etryyl|2024-08-16 08:36:47|2024-08-16|16|8|2024|Friday|08:36:47|8|36|47
1etrw40|2024-08-16 08:33:32|2024-08-16|16|8|2024|Friday|08:33:32|8|33|32
1etrqs3|2024-08-16 08:27:35|2024-08-16|16|8|2024|Friday|08:27:35|8|27|35
1etrqf3|2024-08-16 08:27:11|2024-08-16|16|8|2024|Friday|08:27:11|8|27|11
1etrq1a|2024-08-16 08:26:48|2024-08-16|16|8|2024|Friday|08:26:48|8|26|48
1etrmsi|2024-08-16 08:23:06|2024-08-16|16|8|2024|Friday|08:23:06|8|23|6
1etraj7|2024-08-16 08:09:39|2024-08-16|16|8|2024|Friday|08:09:39|8|9|39
1etqyiw|2024-08-16 07:56:59|2024-08-16|16|8|2024|Friday|07:56:59|7|56|59
1etqx4d|2024-08-16 07:55:25|2024-08-16|16|8|2024|Friday|07:55:25|7|55|25
1etqv2x|2024-08-16 07:53:11|2024-08-16|16|8|2024|Friday|07:53:11|7|53|11
1etqpuj|2024-08-16 07:47:34|2024-08-16|16|8|2024|Friday|07:47:34|7|47|34
1etqlv6|2024-08-16 07:43:19|2024-08-16|16|8|2024|Friday|07:43:19|7|43|19
1etqimg|2024-08-16 07:39:30|2024-08-16|16|8|2024|Friday|07:39:30|7|39|30
1etq5bk|2024-08-16 07:24:36|2024-08-16|16|8|2024|Friday|07:24:36|7|24|36
1etq2py|2024-08-16 07:21:51|2024-08-16|16|8|2024|Friday|07:21:51|7|21|51
1etq1ak|2024-08-16 07:20:20|2024-08-16|16|8|2024|Friday|07:20:20|7|20|20
1etpwsf|2024-08-16 07:15:25|2024-08-16|16|8|2024|Friday|07:15:25|7|15|25
1etpu62|2024-08-16 07:12:31|2024-08-16|16|8|2024|Friday|07:12:31|7|12|31
1etprx2|2024-08-16 07:10:02|2024-08-16|16|8|2024|Friday|07:10:02|7|10|2
1etpmbe|2024-08-16 07:03:36|2024-08-16|16|8|2024|Friday|07:03:36|7|3|36
1etoxmx|2024-08-16 06:34:07|2024-08-16|16|8|2024|Friday|06:34:07|6|34|7
1etoidc|2024-08-16 06:15:24|2024-08-16|16|8|2024|Friday|06:15:24|6|15|24
1etohzf|2024-08-16 06:14:56|2024-08-16|16|8|2024|Friday|06:14:56|6|14|56
1etoe2b|2024-08-16 06:10:05|2024-08-16|16|8|2024|Friday|06:10:05|6|10|5
1eto66h|2024-08-16 06:00:41|2024-08-16|16|8|2024|Friday|06:00:41|6|0|41
1etnyh6|2024-08-16 05:50:54|2024-08-16|16|8|2024|Friday|05:50:54|5|50|54
1etn9od|2024-08-16 05:18:18|2024-08-16|16|8|2024|Friday|05:18:18|5|18|18
1etmzw7|2024-08-16 05:04:50|2024-08-16|16|8|2024|Friday|05:04:50|5|4|50
1etmzrn|2024-08-16 05:04:40|2024-08-16|16|8|2024|Friday|05:04:40|5|4|40
1etmvd4|2024-08-16 04:59:09|2024-08-16|16|8|2024|Friday|04:59:09|4|59|9
1etmsle|2024-08-16 04:55:08|2024-08-16|16|8|2024|Friday|04:55:08|4|55|8
1etmotr|2024-08-16 04:49:55|2024-08-16|16|8|2024|Friday|04:49:55|4|49|55
1etltcb|2024-08-16 04:01:45|2024-08-16|16|8|2024|Friday|04:01:45|4|1|45
1etlr57|2024-08-16 03:58:27|2024-08-16|16|8|2024|Friday|03:58:27|3|58|27
1etlloz|2024-08-16 03:49:19|2024-08-16|16|8|2024|Friday|03:49:19|3|49|19
1etl627|2024-08-16 03:21:22|2024-08-16|16|8|2024|Friday|03:21:22|3|21|22
1etl3mc|2024-08-16 03:16:58|2024-08-16|16|8|2024|Friday|03:16:58|3|16|58
1etl0hs|2024-08-16 03:11:20|2024-08-16|16|8|2024|Friday|03:11:20|3|11|20
1etkwka|2024-08-16 03:04:12|2024-08-16|16|8|2024|Friday|03:04:12|3|4|12
1etkv3g|2024-08-16 03:01:46|2024-08-16|16|8|2024|Friday|03:01:46|3|1|46
1etkp2q|2024-08-16 02:50:40|2024-08-16|16|8|2024|Friday|02:50:40|2|50|40
1etki07|2024-08-16 02:37:17|2024-08-16|16|8|2024|Friday|02:37:17|2|37|17
1etkf5x|2024-08-16 02:31:52|2024-08-16|16|8|2024|Friday|02:31:52|2|31|52
1etkdv8|2024-08-16 02:29:33|2024-08-16|16|8|2024|Friday|02:29:33|2|29|33
1etkcb6|2024-08-16 02:26:17|2024-08-16|16|8|2024|Friday|02:26:17|2|26|17
1etk9pj|2024-08-16 02:20:56|2024-08-16|16|8|2024|Friday|02:20:56|2|20|56
1etjwvw|2024-08-16 01:56:25|2024-08-16|16|8|2024|Friday|01:56:25|1|56|25
1etjvxe|2024-08-16 01:54:31|2024-08-16|16|8|2024|Friday|01:54:31|1|54|31
1etjes1|2024-08-16 01:21:18|2024-08-16|16|8|2024|Friday|01:21:18|1|21|18
1etitws|2024-08-16 00:41:09|2024-08-16|16|8|2024|Friday|00:41:09|0|41|9
1etinwk|2024-08-16 00:29:33|2024-08-16|16|8|2024|Friday|00:29:33|0|29|33
1etikax|2024-08-16 00:22:24|2024-08-16|16|8|2024|Friday|00:22:24|0|22|24
1etijz7|2024-08-16 00:21:45|2024-08-16|16|8|2024|Friday|00:21:45|0|21|45
1eti6ln|2024-08-15 23:56:48|2024-08-15|15|8|2024|Thursday|23:56:48|23|56|48
1etho84|2024-08-15 23:22:15|2024-08-15|15|8|2024|Thursday|23:22:15|23|22|15
1eth9j8|2024-08-15 22:55:43|2024-08-15|15|8|2024|Thursday|22:55:43|22|55|43
1eth5n4|2024-08-15 22:48:59|2024-08-15|15|8|2024|Thursday|22:48:59|22|48|59
1eth0ot|2024-08-15 22:40:09|2024-08-15|15|8|2024|Thursday|22:40:09|22|40|9
1etgyy1|2024-08-15 22:36:55|2024-08-15|15|8|2024|Thursday|22:36:55|22|36|55
1etgptp|2024-08-15 22:21:04|2024-08-15|15|8|2024|Thursday|22:21:04|22|21|4
1etgjk6|2024-08-15 22:10:03|2024-08-15|15|8|2024|Thursday|22:10:03|22|10|3
1etgfbj|2024-08-15 22:02:36|2024-08-15|15|8|2024|Thursday|22:02:36|22|2|36
1etg461|2024-08-15 21:43:49|2024-08-15|15|8|2024|Thursday|21:43:49|21|43|49
1etfqun|2024-08-15 21:22:05|2024-08-15|15|8|2024|Thursday|21:22:05|21|22|5
1etfkx9|2024-08-15 21:13:00|2024-08-15|15|8|2024|Thursday|21:13:00|21|13|0
1etfjs9|2024-08-15 21:11:15|2024-08-15|15|8|2024|Thursday|21:11:15|21|11|15
1etfcr5|2024-08-15 21:00:38|2024-08-15|15|8|2024|Thursday|21:00:38|21|0|38
1etfcp3|2024-08-15 21:00:33|2024-08-15|15|8|2024|Thursday|21:00:33|21|0|33
1etf3ur|2024-08-15 20:46:58|2024-08-15|15|8|2024|Thursday|20:46:58|20|46|58
1etexjk|2024-08-15 20:37:17|2024-08-15|15|8|2024|Thursday|20:37:17|20|37|17
1etem6m|2024-08-15 20:20:23|2024-08-15|15|8|2024|Thursday|20:20:23|20|20|23
1ete32k|2024-08-15 19:52:51|2024-08-15|15|8|2024|Thursday|19:52:51|19|52|51
1etdx3r|2024-08-15 19:44:23|2024-08-15|15|8|2024|Thursday|19:44:23|19|44|23
1etck54|2024-08-15 18:35:38|2024-08-15|15|8|2024|Thursday|18:35:38|18|35|38
1etc2z4|2024-08-15 18:12:52|2024-08-15|15|8|2024|Thursday|18:12:52|18|12|52
1etbxir|2024-08-15 18:05:29|2024-08-15|15|8|2024|Thursday|18:05:29|18|5|29
1etbmek|2024-08-15 17:50:28|2024-08-15|15|8|2024|Thursday|17:50:28|17|50|28
1etaweo|2024-08-15 17:16:54|2024-08-15|15|8|2024|Thursday|17:16:54|17|16|54
1etapvc|2024-08-15 17:08:35|2024-08-15|15|8|2024|Thursday|17:08:35|17|8|35
1etaot5|2024-08-15 17:07:11|2024-08-15|15|8|2024|Thursday|17:07:11|17|7|11
1etajx6|2024-08-15 17:00:57|2024-08-15|15|8|2024|Thursday|17:00:57|17|0|57
1etada2|2024-08-15 16:52:45|2024-08-15|15|8|2024|Thursday|16:52:45|16|52|45
1eta3a3|2024-08-15 16:39:42|2024-08-15|15|8|2024|Thursday|16:39:42|16|39|42
1et9uwz|2024-08-15 16:29:11|2024-08-15|15|8|2024|Thursday|16:29:11|16|29|11
1et9s8k|2024-08-15 16:25:46|2024-08-15|15|8|2024|Thursday|16:25:46|16|25|46
1et9rbd|2024-08-15 16:24:39|2024-08-15|15|8|2024|Thursday|16:24:39|16|24|39
1et9lrq|2024-08-15 16:17:46|2024-08-15|15|8|2024|Thursday|16:17:46|16|17|46
1et8wkv|2024-08-15 15:46:44|2024-08-15|15|8|2024|Thursday|15:46:44|15|46|44
1et8p9b|2024-08-15 15:37:51|2024-08-15|15|8|2024|Thursday|15:37:51|15|37|51
1et8nw0|2024-08-15 15:36:12|2024-08-15|15|8|2024|Thursday|15:36:12|15|36|12
1et84hi|2024-08-15 15:13:06|2024-08-15|15|8|2024|Thursday|15:13:06|15|13|6
1et815q|2024-08-15 15:08:58|2024-08-15|15|8|2024|Thursday|15:08:58|15|8|58
1et7wc1|2024-08-15 15:03:21|2024-08-15|15|8|2024|Thursday|15:03:21|15|3|21
1et7ob5|2024-08-15 14:54:08|2024-08-15|15|8|2024|Thursday|14:54:08|14|54|8
1et74c9|2024-08-15 14:31:04|2024-08-15|15|8|2024|Thursday|14:31:04|14|31|4
1et6nlr|2024-08-15 14:12:11|2024-08-15|15|8|2024|Thursday|14:12:11|14|12|11
1et6jdq|2024-08-15 14:07:17|2024-08-15|15|8|2024|Thursday|14:07:17|14|7|17
1et6j2j|2024-08-15 14:06:55|2024-08-15|15|8|2024|Thursday|14:06:55|14|6|55
1et6imv|2024-08-15 14:06:24|2024-08-15|15|8|2024|Thursday|14:06:24|14|6|24
1et6imm|2024-08-15 14:06:24|2024-08-15|15|8|2024|Thursday|14:06:24|14|6|24
1et6aef|2024-08-15 13:57:20|2024-08-15|15|8|2024|Thursday|13:57:20|13|57|20
1et68jt|2024-08-15 13:55:08|2024-08-15|15|8|2024|Thursday|13:55:08|13|55|8
1et67ki|2024-08-15 13:53:58|2024-08-15|15|8|2024|Thursday|13:53:58|13|53|58
1et5wmg|2024-08-15 13:41:20|2024-08-15|15|8|2024|Thursday|13:41:20|13|41|20
1et5lz6|2024-08-15 13:29:25|2024-08-15|15|8|2024|Thursday|13:29:25|13|29|25
1et593s|2024-08-15 13:14:48|2024-08-15|15|8|2024|Thursday|13:14:48|13|14|48
1et55k7|2024-08-15 13:10:41|2024-08-15|15|8|2024|Thursday|13:10:41|13|10|41
1et55bj|2024-08-15 13:10:26|2024-08-15|15|8|2024|Thursday|13:10:26|13|10|26
1et47e1|2024-08-15 12:31:39|2024-08-15|15|8|2024|Thursday|12:31:39|12|31|39
1et416v|2024-08-15 12:24:51|2024-08-15|15|8|2024|Thursday|12:24:51|12|24|51
1et413s|2024-08-15 12:24:47|2024-08-15|15|8|2024|Thursday|12:24:47|12|24|47
1et3x0x|2024-08-15 12:20:08|2024-08-15|15|8|2024|Thursday|12:20:08|12|20|8
1et3t5l|2024-08-15 12:15:57|2024-08-15|15|8|2024|Thursday|12:15:57|12|15|57
1et3pkm|2024-08-15 12:12:11|2024-08-15|15|8|2024|Thursday|12:12:11|12|12|11
1et3ozn|2024-08-15 12:11:35|2024-08-15|15|8|2024|Thursday|12:11:35|12|11|35
1et3n1h|2024-08-15 12:09:28|2024-08-15|15|8|2024|Thursday|12:09:28|12|9|28
1et32zn|2024-08-15 11:48:46|2024-08-15|15|8|2024|Thursday|11:48:46|11|48|46
1et30c7|2024-08-15 11:45:52|2024-08-15|15|8|2024|Thursday|11:45:52|11|45|52
1et2g8w|2024-08-15 11:24:17|2024-08-15|15|8|2024|Thursday|11:24:17|11|24|17
1et27q9|2024-08-15 11:15:07|2024-08-15|15|8|2024|Thursday|11:15:07|11|15|7
1et22gd|2024-08-15 11:09:08|2024-08-15|15|8|2024|Thursday|11:09:08|11|9|8
1et1mod|2024-08-15 10:51:23|2024-08-15|15|8|2024|Thursday|10:51:23|10|51|23
1et1evo|2024-08-15 10:42:38|2024-08-15|15|8|2024|Thursday|10:42:38|10|42|38
1et17uo|2024-08-15 10:34:35|2024-08-15|15|8|2024|Thursday|10:34:35|10|34|35
1et0xak|2024-08-15 10:22:55|2024-08-15|15|8|2024|Thursday|10:22:55|10|22|55
1et0ukh|2024-08-15 10:19:49|2024-08-15|15|8|2024|Thursday|10:19:49|10|19|49
1et0rw4|2024-08-15 10:16:47|2024-08-15|15|8|2024|Thursday|10:16:47|10|16|47
1et0jxa|2024-08-15 10:07:49|2024-08-15|15|8|2024|Thursday|10:07:49|10|7|49
1et0ek9|2024-08-15 10:01:45|2024-08-15|15|8|2024|Thursday|10:01:45|10|1|45
1et0bc5|2024-08-15 09:58:21|2024-08-15|15|8|2024|Thursday|09:58:21|9|58|21
1et0a51|2024-08-15 09:57:00|2024-08-15|15|8|2024|Thursday|09:57:00|9|57|0
1et09vv|2024-08-15 09:56:42|2024-08-15|15|8|2024|Thursday|09:56:42|9|56|42
1et06pq|2024-08-15 09:53:04|2024-08-15|15|8|2024|Thursday|09:53:04|9|53|4
1et00f0|2024-08-15 09:45:55|2024-08-15|15|8|2024|Thursday|09:45:55|9|45|55
1eszq2g|2024-08-15 09:34:03|2024-08-15|15|8|2024|Thursday|09:34:03|9|34|3
1eszmkd|2024-08-15 09:30:12|2024-08-15|15|8|2024|Thursday|09:30:12|9|30|12
1eszju1|2024-08-15 09:26:57|2024-08-15|15|8|2024|Thursday|09:26:57|9|26|57
1eszhr5|2024-08-15 09:24:30|2024-08-15|15|8|2024|Thursday|09:24:30|9|24|30
1esz7xo|2024-08-15 09:13:07|2024-08-15|15|8|2024|Thursday|09:13:07|9|13|7
1esyvso|2024-08-15 08:59:42|2024-08-15|15|8|2024|Thursday|08:59:42|8|59|42
1esymdn|2024-08-15 08:48:59|2024-08-15|15|8|2024|Thursday|08:48:59|8|48|59
1esyj0j|2024-08-15 08:45:09|2024-08-15|15|8|2024|Thursday|08:45:09|8|45|9
1esye7w|2024-08-15 08:39:38|2024-08-15|15|8|2024|Thursday|08:39:38|8|39|38
1esybjc|2024-08-15 08:36:33|2024-08-15|15|8|2024|Thursday|08:36:33|8|36|33
1esy57f|2024-08-15 08:29:47|2024-08-15|15|8|2024|Thursday|08:29:47|8|29|47
1esxrqz|2024-08-15 08:15:06|2024-08-15|15|8|2024|Thursday|08:15:06|8|15|6
1esxq1t|2024-08-15 08:13:12|2024-08-15|15|8|2024|Thursday|08:13:12|8|13|12
1esxni6|2024-08-15 08:10:24|2024-08-15|15|8|2024|Thursday|08:10:24|8|10|24
1esxhaq|2024-08-15 08:03:41|2024-08-15|15|8|2024|Thursday|08:03:41|8|3|41
1esxda5|2024-08-15 07:59:27|2024-08-15|15|8|2024|Thursday|07:59:27|7|59|27
1esx5h8|2024-08-15 07:50:08|2024-08-15|15|8|2024|Thursday|07:50:08|7|50|8
1esx56t|2024-08-15 07:49:48|2024-08-15|15|8|2024|Thursday|07:49:48|7|49|48
1eswpjb|2024-08-15 07:32:09|2024-08-15|15|8|2024|Thursday|07:32:09|7|32|9
1eswn8m|2024-08-15 07:29:38|2024-08-15|15|8|2024|Thursday|07:29:38|7|29|38
1eswh95|2024-08-15 07:22:52|2024-08-15|15|8|2024|Thursday|07:22:52|7|22|52
1esw885|2024-08-15 07:12:25|2024-08-15|15|8|2024|Thursday|07:12:25|7|12|25
1esw862|2024-08-15 07:12:21|2024-08-15|15|8|2024|Thursday|07:12:21|7|12|21
1esw6lk|2024-08-15 07:10:33|2024-08-15|15|8|2024|Thursday|07:10:33|7|10|33
1esvwdc|2024-08-15 06:59:19|2024-08-15|15|8|2024|Thursday|06:59:19|6|59|19
1esvu9p|2024-08-15 06:56:35|2024-08-15|15|8|2024|Thursday|06:56:35|6|56|35
1esvr1g|2024-08-15 06:52:43|2024-08-15|15|8|2024|Thursday|06:52:43|6|52|43
1esvll9|2024-08-15 06:46:16|2024-08-15|15|8|2024|Thursday|06:46:16|6|46|16
1esv8ja|2024-08-15 06:30:34|2024-08-15|15|8|2024|Thursday|06:30:34|6|30|34
1esv786|2024-08-15 06:29:03|2024-08-15|15|8|2024|Thursday|06:29:03|6|29|3
1esv75r|2024-08-15 06:28:58|2024-08-15|15|8|2024|Thursday|06:28:58|6|28|58
1esuw6c|2024-08-15 06:15:33|2024-08-15|15|8|2024|Thursday|06:15:33|6|15|33
1esuuv6|2024-08-15 06:13:53|2024-08-15|15|8|2024|Thursday|06:13:53|6|13|53
1esups2|2024-08-15 06:07:18|2024-08-15|15|8|2024|Thursday|06:07:18|6|7|18
1esujuc|2024-08-15 06:00:06|2024-08-15|15|8|2024|Thursday|06:00:06|6|0|6
1estwwc|2024-08-15 05:29:19|2024-08-15|15|8|2024|Thursday|05:29:19|5|29|19
1estn73|2024-08-15 05:15:52|2024-08-15|15|8|2024|Thursday|05:15:52|5|15|52
1esthal|2024-08-15 05:07:30|2024-08-15|15|8|2024|Thursday|05:07:30|5|7|30
1est4e6|2024-08-15 04:49:06|2024-08-15|15|8|2024|Thursday|04:49:06|4|49|6
1essl5k|2024-08-15 04:19:28|2024-08-15|15|8|2024|Thursday|04:19:28|4|19|28
1esse0l|2024-08-15 04:08:01|2024-08-15|15|8|2024|Thursday|04:08:01|4|8|1
1esrwah|2024-08-15 03:38:28|2024-08-15|15|8|2024|Thursday|03:38:28|3|38|28
1esrrsh|2024-08-15 03:30:27|2024-08-15|15|8|2024|Thursday|03:30:27|3|30|27
1esridh|2024-08-15 03:13:08|2024-08-15|15|8|2024|Thursday|03:13:08|3|13|8
1esrh9w|2024-08-15 03:11:12|2024-08-15|15|8|2024|Thursday|03:11:12|3|11|12
1esraqw|2024-08-15 02:59:44|2024-08-15|15|8|2024|Thursday|02:59:44|2|59|44
1esr5sj|2024-08-15 02:50:01|2024-08-15|15|8|2024|Thursday|02:50:01|2|50|1
1esqrj0|2024-08-15 02:22:07|2024-08-15|15|8|2024|Thursday|02:22:07|2|22|7
1esqqk1|2024-08-15 02:20:25|2024-08-15|15|8|2024|Thursday|02:20:25|2|20|25
1esqa1i|2024-08-15 01:49:05|2024-08-15|15|8|2024|Thursday|01:49:05|1|49|5
1esq03p|2024-08-15 01:30:15|2024-08-15|15|8|2024|Thursday|01:30:15|1|30|15
1espz9b|2024-08-15 01:28:40|2024-08-15|15|8|2024|Thursday|01:28:40|1|28|40
1espj2b|2024-08-15 00:57:59|2024-08-15|15|8|2024|Thursday|00:57:59|0|57|59
1espd66|2024-08-15 00:45:50|2024-08-15|15|8|2024|Thursday|00:45:50|0|45|50
1espbrk|2024-08-15 00:43:02|2024-08-15|15|8|2024|Thursday|00:43:02|0|43|2
1esotpy|2024-08-15 00:08:56|2024-08-15|15|8|2024|Thursday|00:08:56|0|8|56
1eso8e1|2024-08-14 23:28:57|2024-08-14|14|8|2024|Wednesday|23:28:57|23|28|57
1eso3gr|2024-08-14 23:19:48|2024-08-14|14|8|2024|Wednesday|23:19:48|23|19|48
1eso2xg|2024-08-14 23:18:53|2024-08-14|14|8|2024|Wednesday|23:18:53|23|18|53
1esnxm0|2024-08-14 23:09:12|2024-08-14|14|8|2024|Wednesday|23:09:12|23|9|12
1esnwy8|2024-08-14 23:08:04|2024-08-14|14|8|2024|Wednesday|23:08:04|23|8|4
1esnwoh|2024-08-14 23:07:33|2024-08-14|14|8|2024|Wednesday|23:07:33|23|7|33
1esnu9m|2024-08-14 23:03:19|2024-08-14|14|8|2024|Wednesday|23:03:19|23|3|19
1esnjyg|2024-08-14 22:45:24|2024-08-14|14|8|2024|Wednesday|22:45:24|22|45|24
1esndns|2024-08-14 22:34:34|2024-08-14|14|8|2024|Wednesday|22:34:34|22|34|34
1esn73n|2024-08-14 22:23:21|2024-08-14|14|8|2024|Wednesday|22:23:21|22|23|21
1esn5ka|2024-08-14 22:20:37|2024-08-14|14|8|2024|Wednesday|22:20:37|22|20|37
1esmxzu|2024-08-14 22:07:56|2024-08-14|14|8|2024|Wednesday|22:07:56|22|7|56
1esmqst|2024-08-14 21:56:04|2024-08-14|14|8|2024|Wednesday|21:56:04|21|56|4
1esmqhw|2024-08-14 21:55:35|2024-08-14|14|8|2024|Wednesday|21:55:35|21|55|35
1esmjm3|2024-08-14 21:44:23|2024-08-14|14|8|2024|Wednesday|21:44:23|21|44|23
1esmcxa|2024-08-14 21:33:27|2024-08-14|14|8|2024|Wednesday|21:33:27|21|33|27
1esmcso|2024-08-14 21:33:15|2024-08-14|14|8|2024|Wednesday|21:33:15|21|33|15
1esl2if|2024-08-14 20:22:55|2024-08-14|14|8|2024|Wednesday|20:22:55|20|22|55
1esl23w|2024-08-14 20:22:18|2024-08-14|14|8|2024|Wednesday|20:22:18|20|22|18
1eskw01|2024-08-14 20:13:26|2024-08-14|14|8|2024|Wednesday|20:13:26|20|13|26
1eskqgf|2024-08-14 20:05:26|2024-08-14|14|8|2024|Wednesday|20:05:26|20|5|26
1eskpfd|2024-08-14 20:03:54|2024-08-14|14|8|2024|Wednesday|20:03:54|20|3|54
1esko0b|2024-08-14 20:01:58|2024-08-14|14|8|2024|Wednesday|20:01:58|20|1|58
1eskjsz|2024-08-14 19:56:10|2024-08-14|14|8|2024|Wednesday|19:56:10|19|56|10
1eskc4w|2024-08-14 19:45:31|2024-08-14|14|8|2024|Wednesday|19:45:31|19|45|31
1esk62e|2024-08-14 19:37:16|2024-08-14|14|8|2024|Wednesday|19:37:16|19|37|16
1esjogm|2024-08-14 19:14:16|2024-08-14|14|8|2024|Wednesday|19:14:16|19|14|16
1esjd7o|2024-08-14 19:00:15|2024-08-14|14|8|2024|Wednesday|19:00:15|19|0|15
1esj7o1|2024-08-14 18:52:54|2024-08-14|14|8|2024|Wednesday|18:52:54|18|52|54
1esivbb|2024-08-14 18:36:18|2024-08-14|14|8|2024|Wednesday|18:36:18|18|36|18
1esiddv|2024-08-14 18:12:26|2024-08-14|14|8|2024|Wednesday|18:12:26|18|12|26
1esic7q|2024-08-14 18:10:56|2024-08-14|14|8|2024|Wednesday|18:10:56|18|10|56
1esi64b|2024-08-14 18:03:06|2024-08-14|14|8|2024|Wednesday|18:03:06|18|3|6
1eshzjm|2024-08-14 17:54:48|2024-08-14|14|8|2024|Wednesday|17:54:48|17|54|48
1eshrkd|2024-08-14 17:44:23|2024-08-14|14|8|2024|Wednesday|17:44:23|17|44|23
1eshe1a|2024-08-14 17:26:59|2024-08-14|14|8|2024|Wednesday|17:26:59|17|26|59
1esh4qo|2024-08-14 17:15:12|2024-08-14|14|8|2024|Wednesday|17:15:12|17|15|12
1esgxng|2024-08-14 17:06:29|2024-08-14|14|8|2024|Wednesday|17:06:29|17|6|29
1esgu8o|2024-08-14 17:02:14|2024-08-14|14|8|2024|Wednesday|17:02:14|17|2|14
1esgp0c|2024-08-14 16:55:49|2024-08-14|14|8|2024|Wednesday|16:55:49|16|55|49
1esgfgl|2024-08-14 16:44:05|2024-08-14|14|8|2024|Wednesday|16:44:05|16|44|5
1esgedq|2024-08-14 16:42:44|2024-08-14|14|8|2024|Wednesday|16:42:44|16|42|44
1esg4r8|2024-08-14 16:30:51|2024-08-14|14|8|2024|Wednesday|16:30:51|16|30|51
